Label,Value
Alpha,-0.04510987340582174
Market,0.009240216652283579
Factor,-0.003000343246459
Risk Free,0.052670000000000015
